Slava	397081859	/sum 2 2
Slava	397081859	/sum 2 2
Slava	397081859	/sum
Slava	397081859	/sum
Slava	397081859	/sum
Slava	397081859	/sum
Slava	397081859	/help
Slava	397081859	/help
Slava	397081859	/help
Slava	397081859	/help
Slava	397081859	/help
Slava	397081859	/help
Slava	397081859	/help
Slava	397081859	/help
Slava	397081859	/hi
Slava	397081859	/add
Slava	397081859	/add
Slava	397081859	/add
Slava	397081859	/sum 3 3
Slava	397081859	/add
Slava	397081859	/add
Slava	397081859	/add
Slava	397081859	/add yjdjcnb dfsdf fsdsdf sdfsd
Slava	397081859	/add dsfsd sdfsdf dsfsdf dsfsfs
Slava	397081859	/add sdfsdf dfsfsf sdfdfsf dfsfsdf
Slava	397081859	/add sdsad sdasd sda sdas d
Slava	397081859	/add dsfsd dfsfsd dsfsdfsd sdffsdfsd
Slava	397081859	/add sdada asdasda sdadasd dsadas
Slava	397081859	/add sda sdasd asd asd
Slava	397081859	/add asdf sfsdf dfsd dfsfs
Slava	397081859	/add sdads asdasd sdadas sdadasd
Slava	397081859	/add sdads asdasd sdadas sdadasd
Slava	397081859	/add sdads asdasd sdadas sdadasd
Slava	397081859	/add sdads asdasd sdadas sdadasd
Slava	397081859	/add sdads asdasd sdadas sdadasd
Slava	397081859	/add sdads asdasd sdadas sdadasd
Slava	397081859	/add sdads asdasd sdadas sdadasd
Slava	397081859	/add sdads asdasd sdadas sdadasd
Slava	397081859	/add sdads asdasd sdadas sdadasd
Slava	397081859	/add sdads asdasd sdadas sdadasd
Slava	397081859	/add sdads asdasd sdadas sdadasd
Slava	397081859	/add sdads asdasd sdadas sdadasd
Slava	397081859	/add sdads asdasd sdadas sdadasd
Slava	397081859	/add sdads asdasd sdadas sdadasd
Slava	397081859	/add sdads asdasd sdadas sdadasd
Slava	397081859	/add sdads asdasd sdadas sdadasd
Slava	397081859	/add sdads asdasd sdadas sdadasd
Slava	397081859	/add sdads asdasd sdadas sdadasd
Slava	397081859	/add sdads asdasd sdadas sdadasd
Slava	397081859	/add sdads asdasd sdadas sdadasd
Slava	397081859	/add sdads asdasd sdadas sdadasd
Slava	397081859	/add sdads asdasd sdadas sdadasd
Slava	397081859	/add sdads asdasd sdadas sdadasd
Slava	397081859	/add sdads asdasd sdadas sdadasd
Slava	397081859	/add sdads asdasd sdadas sdadasd
Slava	397081859	/add sdads asdasd sdadas sdadasd
Slava	397081859	/add sdads asdasd sdadas sdadasd
Slava	397081859	/add sdads asdasd sdadas sdadasd
Slava	397081859	/add sdads asdasd sdadas sdadasd
Slava	397081859	/add sdads asdasd sdadas sdadasd
Slava	397081859	/add sdads asdasd sdadas sdadasd
Slava	397081859	/add sdads asdasd sdadas sdadasd
Slava	397081859	/add sdads asdasd sdadas sdadasd
Slava	397081859	/add sdads asdasd sdadas sdadasd
Slava	397081859	/add Çÿáëîâ Âÿ÷åñëàâ +7 Ñâîé
Slava	397081859	/add sdads asdasd sdadas sdadasd
Slava	397081859	/add sdads asdasd sdadas sdadasd
Slava	397081859	/add Zyablov Slava +7988 Svoy
Slava	397081859	/find Slava
Slava	397081859	/find Slava